order,queue_position,silo,num,slug_en,title_en,tag,primary_keyword,status_en,status_pl,pl_slug,action,sequencing_note,pub_date
1,-,kids,02,02-geography-coloring-vs-textbooks,Geography Coloring Pages vs. Textbooks: Why Visuals Work Better for Ages 3–8,GEOGRAPHY,geography coloring pages for kids,published,published,kolorowanki-geograficzne-kontra-podreczniki,"DONE (2026-08-25) — opublikowano EN+PL; treść cienka (ok. 440 słów), do rozbudowy","Cluster A — links to #06, #03, #07",2026-08-25
2,-,kids,04,04-teaching-empathy-meeting-children,How Coloring Books About World Cultures Teach Kids Empathy and Curiosity About Other Countries,EMPATHY,teaching kids empathy through world culture coloring books,published,published,kolorowanki-kultury-swiata-empatia-dzieci,DONE (2026-08-25) — opublikowano EN+PL,"Cluster B — links to #01 (hub), #05, #10",2026-08-25
3,-,kids,01,01-intro-world-cultures-toddlers,How to Introduce World Cultures to Toddlers and Young Kids at Home,CULTURE,introducing world cultures to kids,published,published,wprowadzanie-dzieci-w-kultury-swiata,DONE (2026-09-11) — przetłumaczono + poprawiono nieaktualną próbkę Argentyna→Afryka,Cluster B hub — 5 innych tematów Kids linkuje tu jako hub,2026-08-26
4,-,seniors,11,11-non-dominant-hand-drawing,Non-Dominant Hand Drawing: How Neuroplasticity-Inspired Exercises Support Brain Fitness,BRAIN TRAINING,non dominant hand drawing exercises,published,published,cwiczenia-rysowania-niedominujaca-reka,DONE (2026-08-26) — opublikowano EN+PL; plSlug dodany 2026-09-29,"Cluster Motor & Neuroplasticity — hub (1 z 3), po nim #15 i #18",2026-08-26
5,-,seniors,19,19-choosing-puzzle-book-aging-parents,Choosing the Right Puzzle Book for Aging Parents: A Thoughtful Guide,GIFT GUIDE,best puzzle books for elderly parents,published,published,jak-wybrac-ksiazke-z-lamiglowkami-dla-rodzica,"DONE (2026-09-11) — napisano EN+PL, hero image od użytkownika (NanoBanana)","HUB klastra Puzzle & Relaxation — 6 innych tematów (#12,13,14,16,17,20) czeka na ten hub; napisać w pierwszej kolejności",2026-09-11
6,-,kids,03,03-fine-motor-skills-coloring-flags,How Coloring Country Flags Builds Fine Motor Skills Before Kindergarten,FINE MOTOR,fine motor skills coloring flags,published,published,kolorowanie-flag-motoryka-mala-przedszkolaka,"DONE (2026-09-14) — opublikowano EN+PL, zweryfikowano na żywo (2026-09-21)","Cluster A (z #06, #07) — brak wspólnego hubu, kolejność wewnętrzna dowolna",2026-09-14
7,-,cooking,01,01-what-is-wigilia,What Is Wigilia? A Complete Guide to Polish Christmas Eve Traditions,TRADITION,what is wigilia,published,published,co-to-jest-wigilia,"DONE (2026-09-21) — opublikowano EN+PL, zweryfikowano na żywo","Cluster Wigilia / Polish Christmas Eve — hub klastra kulinarnego (1 z 8), link do /cooking/wigilia i /pl/cooking/wigilia; kolejny w kolejce: #02 What Are the 12 Dishes",2026-09-21
8,-,kids,06,06-flags-early-map-reading,How to Use Color-Coded Flags to Teach Early Map Reading,GEOGRAPHY,teach map reading with flag coloring,published,published,kolorowanie-flag-nauka-czytania-map,"DONE (2026-09-21) — napisano EN+PL, hero image od użytkownika, opublikowano","Cluster A (z #03, #07)",2026-09-21
9,-,seniors,15,15-fine-motor-drills-older-adults,Daily Fine Motor Skill Drills to Maintain Hand Dexterity in Older Adults,MOTOR SKILLS,fine motor skills for older adults,published,published,cwiczenia-sprawnosci-dloni-dla-seniorow,DONE (2026-09-21) — opublikowano EN+PL (audyt plików 2026-09-29),"Cluster Motor & Neuroplasticity — hub #11 już opublikowany (EN+PL), można pisać od razu",2026-09-21
10,-,cooking,02,02-12-dishes-polish-christmas-eve,What Are the 12 Dishes of Polish Christmas Eve (Wigilia)?,DISHES,12 dishes of polish christmas eve,published,published,12-potraw-wigilijnych,"DONE (2026-09-24) — opublikowano EN+PL, hero image od użytkownika","Cluster Wigilia — 2 z 8, linkuje do hubu #01 i /cooking/wigilia; kolejny: #03 Traditional Polish Christmas Recipes",2026-09-24
11,-,cooking,03,03-traditional-polish-christmas-recipes,"Traditional Polish Christmas Recipes: Barszcz, Pierogi, Kutia and Makowiec",RECIPES,traditional polish christmas recipes,published,published,tradycyjne-przepisy-wigilijne,"DONE (2026-09-29) — opublikowano EN+PL, hero image od użytkownika","Cluster Wigilia — 3 z 8, linkuje do #01, #02 i /cooking/wigilia; kolejny: #04 How to Plan a 12-Dish Wigilia Feast",2026-09-29
12,-,kids,07,07-flag-colors-symbols-meaning,The Story Behind National Flags: A Kid-Friendly Guide to Colors and Symbols,FLAGS,national flag meanings for kids,published,published,znaczenie-kolorow-i-symboli-flag-dla-dzieci,"DONE (2026-09-29) — napisano EN+PL, hero image od użytkownika, opublikowano","Cluster A (z #03, #06) — zamyka trio Cluster A",2026-09-29
13,-,seniors,18,18-mirror-drawing-exercises,Mirror Drawing Exercises: A Simple Way to Challenge Hand-Eye Coordination,MOTOR SKILLS,mirror drawing exercises,published,published,cwiczenia-rysunku-lustrzanego-dla-seniorow,"DONE (2026-09-29) — opublikowano EN+PL, hero image od użytkownika","Cluster Motor & Neuroplasticity — zamyka klaster (3 z 3, po #11 i #15)",2026-09-29
14,7,cooking,04,04-plan-12-dish-wigilia-feast,How to Plan a 12-Dish Wigilia Feast,PLANNING,how to plan a 12 dish wigilia feast,published,published,,"DONE (2026-10-09) — opublikowano EN+PL, hero image od użytkownika","Cluster Wigilia — 4 z 8; linkuje do #01, #02, #03 i /cooking/wigilia; tematy #05–#08 do ustalenia",2026-10-09
15,8,seniors,12,12-word-search-vs-sudoku,Word Search Puzzles vs. Sudoku: Which Exercise Best Fits Your Daily Routine?,PUZZLES,word search vs sudoku for seniors,published,published,,"DONE (2026-10-09) — opublikowano EN+PL, hero image od użytkownika",Cluster Puzzle & Relaxation — wymaga hubu #19 (patrz krok 2),2026-10-09
16,9,kids,05,05-daily-life-kids-around-the-world,What Daily Life Looks Like for Kids Around the World,CULTURE,kids around the world daily life,stub (draft:true),planned,,NAPISZ + PRZETŁUMACZ,Cluster B — hub #01 już live (po kroku 1),
17,10,seniors,17,17-proverbs-memory-recall,"Proverbs, Sayings, and Memory Recall: Fun Ways to Keep the Mind Active",MEMORY,memory recall exercises proverbs,stub (draft:true),planned,,NAPISZ + PRZETŁUMACZ,Cluster Puzzle & Relaxation — wymaga hubu #19,
18,11,kids,08,08-world-landmarks-architecture-kids,Interactive Ways to Teach Kids About World Landmarks and Architecture,LANDMARKS,famous landmarks activities for kids,stub (draft:true),planned,,NAPISZ + PRZETŁUMACZ,Cluster B — hub #01 live,
19,12,seniors,14,14-nostalgic-word-searches,Nostalgic Word Searches: How Familiar Themes Promote Relaxation and Focus,NOSTALGIA,nostalgic word searches for seniors,stub (draft:true),planned,,NAPISZ + PRZETŁUMACZ,Cluster Puzzle & Relaxation — wymaga hubu #19,
20,13,kids,09,09-virtual-field-trip-coloring,Passport-Free Travel: Turning Coloring Time Into a Virtual Field Trip,TRAVEL,virtual field trip for kids at home,stub (draft:true),planned,,NAPISZ + PRZETŁUMACZ,Cluster B — hub #01 live,
21,14,seniors,16,16-large-print-puzzles-eye-strain,How Large Print Puzzles Reduce Eye Strain and Improve Focus for Seniors,ACCESSIBILITY,large print puzzles for seniors,stub (draft:true),planned,,NAPISZ + PRZETŁUMACZ,Cluster Puzzle & Relaxation — wymaga hubu #19,
22,15,kids,10,10-building-global-mindset-parenting,Building a Global Mindset: Everyday Habits for Raising Culturally Aware Kids,PARENTING,raising culturally aware children,stub (draft:true),planned,,NAPISZ + PRZETŁUMACZ,Cluster B (drugi hub pomocniczy) — zamyka klaster Kids B,
23,16,seniors,20,20-relaxing-evening-routines,Relaxing Evening Routines: Swapping the TV or Phone for Manual Brain Games,ROUTINE,relaxing evening brain activities,stub (draft:true),planned,,NAPISZ + PRZETŁUMACZ,Cluster Puzzle & Relaxation — wymaga hubu #19,
24,17,seniors,13,13-gentle-brain-gym-activities,Engaging Brain Gym Activities Designed for Gentle Cognitive Stimulation,RELAXATION,gentle brain gym activities,stub (draft:true),planned,,NAPISZ + PRZETŁUMACZ,Cluster Puzzle & Relaxation — wymaga hubu #19; zamyka klaster Seniors,
25,-,kids,11,11-seven-continents-for-kids,The 7 Continents for Kids: A Simple Guide for Ages 4–8,GEOGRAPHY,seven continents for kids,published,published,siedem-kontynentow-dla-dzieci,"DONE (2026-10-09) — opublikowano EN+PL, hero image od użytkownika",HUB klastra Continents; musi wyjść przed #08,2026-10-09
26,3,kids,28,28-non-scary-halloween-alternatives-kids,10 Non-Scary Halloween Alternatives for Kids Who Don't Like Spooky Stuff,SEASONAL,non-scary Halloween activities for kids,planned,planned,halloween-bez-strachu-alternatywy-dla-dzieci,"NAPISZ + PRZETŁUMACZ (seria jesienna, książka B0HLQ5CMR3)",Sezonowe: Halloween Sat 31 Oct 2026 — publish ≥ 2 weeks before,2026-10-14
27,4,kids,29,29-autumn-traditions-around-the-world-kids,Autumn Traditions Around the World: A Kids' Guide to 10 Fall Festivals,CULTURE,autumn traditions around the world,planned,planned,jesienne-tradycje-na-swiecie-dla-dzieci,"NAPISZ + PRZETŁUMACZ (seria jesienna, książka B0HLQ5CMR3)",Sezonowe: Autumn; before Halloween / Día de los Muertos,2026-10-16
28,5,kids,30,30-explain-dia-de-los-muertos-to-kids,How to Explain Día de los Muertos to Kids (Gently and Respectfully),CULTURE,Day of the Dead for kids,planned,planned,dzien-zmarlych-w-meksyku-dla-dzieci,"NAPISZ + PRZETŁUMACZ (seria jesienna, książka B0HLQ5CMR3)",Sezonowe: Día de los Muertos 1–2 Nov 2026 — publish ~10 days before,2026-10-21
29,6,kids,31,31-harvest-festivals-unit-study-homeschool,Harvest Festivals Around the World: A Fall Unit Study for Homeschoolers,HOMESCHOOL,homeschool fall unit study,planned,planned,swieta-plonow-na-swiecie-dla-dzieci,"NAPISZ + PRZETŁUMACZ (seria jesienna, książka B0HLQ5CMR3)",Sezonowe: Autumn homeschool planning,2026-10-23
30,7,kids,32,32-multicultural-fall-activities-classroom,Multicultural Fall Activities for the Elementary Classroom,EDUCATION,multicultural fall activities classroom,planned,planned,jesienne-zajecia-o-kulturach-swiata-w-klasie,"NAPISZ + PRZETŁUMACZ (seria jesienna, książka B0HLQ5CMR3)",Sezonowe: Autumn school events,2026-11-04
31,8,kids,33,33-gratitude-thanksgiving-around-the-world-kids,Gratitude Around the World: Thanksgiving-Style Traditions in Other Countries,CULTURE,Thanksgiving around the world for kids,planned,planned,wdziecznosc-na-swiecie-swieta-dziekczynienia-dla-dzieci,"NAPISZ + PRZETŁUMACZ (seria jesienna, książka B0HLQ5CMR3)",Sezonowe: Thanksgiving Thu 26 Nov 2026 — publish ~1 week before,2026-11-18
